{"frames":[{"filename":"slime1","frame":{"x":0,"y":0,"w":560,"h":340},"rotated":false,"trimmed":false,"spriteSourceSize":{"x":0,"y":0,"w":560,"h":340},"sourceSize":{"w":560,"h":340}},{"filename":"slime2","frame":{"x":0,"y":341,"w":560,"h":340},"rotated":false,"trimmed":false,"spriteSourceSize":{"x":0,"y":0,"w":560,"h":340},"sourceSize":{"w":560,"h":340}},{"filename":"slime3","frame":{"x":0,"y":682,"w":680,"h":276},"rotated":false,"trimmed":false,"spriteSourceSize":{"x":0,"y":0,"w":680,"h":276},"sourceSize":{"w":680,"h":276}}],"meta":{"app":"https://www.leshylabs.com/apps/sstool/","version":"Leshy SpriteSheet Tool v0.8.4","image":"slime.png","size":{"w":680,"h":958},"scale":1}}