{"frames":[{"filename":"fire8","frame":{"x":0,"y":0,"w":300,"h":300},"rotated":false,"trimmed":false,"spriteSourceSize":{"x":0,"y":0,"w":300,"h":300},"sourceSize":{"w":300,"h":300}},{"filename":"fire1","frame":{"x":0,"y":301,"w":300,"h":300},"rotated":false,"trimmed":false,"spriteSourceSize":{"x":0,"y":0,"w":300,"h":300},"sourceSize":{"w":300,"h":300}},{"filename":"fire2","frame":{"x":301,"y":0,"w":300,"h":300},"rotated":false,"trimmed":false,"spriteSourceSize":{"x":0,"y":0,"w":300,"h":300},"sourceSize":{"w":300,"h":300}},{"filename":"fire3","frame":{"x":301,"y":301,"w":300,"h":300},"rotated":false,"trimmed":false,"spriteSourceSize":{"x":0,"y":0,"w":300,"h":300},"sourceSize":{"w":300,"h":300}},{"filename":"fire4","frame":{"x":0,"y":602,"w":300,"h":300},"rotated":false,"trimmed":false,"spriteSourceSize":{"x":0,"y":0,"w":300,"h":300},"sourceSize":{"w":300,"h":300}},{"filename":"fire5","frame":{"x":301,"y":602,"w":300,"h":300},"rotated":false,"trimmed":false,"spriteSourceSize":{"x":0,"y":0,"w":300,"h":300},"sourceSize":{"w":300,"h":300}},{"filename":"fire6","frame":{"x":602,"y":0,"w":300,"h":300},"rotated":false,"trimmed":false,"spriteSourceSize":{"x":0,"y":0,"w":300,"h":300},"sourceSize":{"w":300,"h":300}},{"filename":"fire7","frame":{"x":602,"y":301,"w":300,"h":300},"rotated":false,"trimmed":false,"spriteSourceSize":{"x":0,"y":0,"w":300,"h":300},"sourceSize":{"w":300,"h":300}}],"meta":{"app":"https://www.leshylabs.com/apps/sstool/","version":"Leshy SpriteSheet Tool v0.8.4","image":"fire.png","size":{"w":902,"h":902},"scale":1}}