{"frames":[{"filename":"ice1","frame":{"x":0,"y":0,"w":300,"h":300},"rotated":false,"trimmed":false,"spriteSourceSize":{"x":0,"y":0,"w":300,"h":300},"sourceSize":{"w":300,"h":300}},{"filename":"ice2","frame":{"x":0,"y":301,"w":300,"h":300},"rotated":false,"trimmed":false,"spriteSourceSize":{"x":0,"y":0,"w":300,"h":300},"sourceSize":{"w":300,"h":300}}],"meta":{"app":"https://www.leshylabs.com/apps/sstool/","version":"Leshy SpriteSheet Tool v0.8.4","image":"icecube.png","size":{"w":300,"h":601},"scale":1}}