{"frames":[{"filename":"portal1","frame":{"x":0,"y":0,"w":300,"h":300},"rotated":false,"trimmed":false,"spriteSourceSize":{"x":0,"y":0,"w":300,"h":300},"sourceSize":{"w":300,"h":300}},{"filename":"portal2","frame":{"x":0,"y":301,"w":300,"h":300},"rotated":false,"trimmed":false,"spriteSourceSize":{"x":0,"y":0,"w":300,"h":300},"sourceSize":{"w":300,"h":300}},{"filename":"portal3","frame":{"x":301,"y":0,"w":300,"h":300},"rotated":false,"trimmed":false,"spriteSourceSize":{"x":0,"y":0,"w":300,"h":300},"sourceSize":{"w":300,"h":300}},{"filename":"portal4","frame":{"x":301,"y":301,"w":300,"h":300},"rotated":false,"trimmed":false,"spriteSourceSize":{"x":0,"y":0,"w":300,"h":300},"sourceSize":{"w":300,"h":300}}],"meta":{"app":"https://www.leshylabs.com/apps/sstool/","version":"Leshy SpriteSheet Tool v0.8.4","image":"portal.png","size":{"w":601,"h":601},"scale":1}}