{"frames":[{"filename":"lv1-2","frame":{"x":0,"y":0,"w":3508,"h":2480},"rotated":false,"trimmed":false,"spriteSourceSize":{"x":0,"y":0,"w":3508,"h":2480},"sourceSize":{"w":3508,"h":2480}},{"filename":"lv2-3","frame":{"x":0,"y":2481,"w":3508,"h":2480},"rotated":false,"trimmed":false,"spriteSourceSize":{"x":0,"y":0,"w":3508,"h":2480},"sourceSize":{"w":3508,"h":2480}},{"filename":"lv1-3","frame":{"x":3509,"y":0,"w":3508,"h":2480},"rotated":false,"trimmed":false,"spriteSourceSize":{"x":0,"y":0,"w":3508,"h":2480},"sourceSize":{"w":3508,"h":2480}},{"filename":"lv1-1","frame":{"x":3509,"y":2481,"w":3508,"h":2480},"rotated":false,"trimmed":false,"spriteSourceSize":{"x":0,"y":0,"w":3508,"h":2480},"sourceSize":{"w":3508,"h":2480}},{"filename":"lv2-1","frame":{"x":0,"y":4962,"w":3508,"h":2480},"rotated":false,"trimmed":false,"spriteSourceSize":{"x":0,"y":0,"w":3508,"h":2480},"sourceSize":{"w":3508,"h":2480}},{"filename":"lv2-2","frame":{"x":3509,"y":4962,"w":3508,"h":2480},"rotated":false,"trimmed":false,"spriteSourceSize":{"x":0,"y":0,"w":3508,"h":2480},"sourceSize":{"w":3508,"h":2480}}],"meta":{"app":"https://www.leshylabs.com/apps/sstool/","version":"Leshy SpriteSheet Tool v0.8.4","image":"slime.png","size":{"w":7017,"h":7442},"scale":1}}