{"frames":[{"filename":"lantiao1-1","frame":{"x":0,"y":0,"w":3508,"h":2480},"rotated":false,"trimmed":false,"spriteSourceSize":{"x":0,"y":0,"w":3508,"h":2480},"sourceSize":{"w":3508,"h":2480}},{"filename":"lantiao1-2","frame":{"x":0,"y":2481,"w":3508,"h":2480},"rotated":false,"trimmed":false,"spriteSourceSize":{"x":0,"y":0,"w":3508,"h":2480},"sourceSize":{"w":3508,"h":2480}},{"filename":"lantiao1-3","frame":{"x":3509,"y":0,"w":3508,"h":2480},"rotated":false,"trimmed":false,"spriteSourceSize":{"x":0,"y":0,"w":3508,"h":2480},"sourceSize":{"w":3508,"h":2480}},{"filename":"lantiao1-4","frame":{"x":3509,"y":2481,"w":3508,"h":2480},"rotated":false,"trimmed":false,"spriteSourceSize":{"x":0,"y":0,"w":3508,"h":2480},"sourceSize":{"w":3508,"h":2480}},{"filename":"lantiao1-5","frame":{"x":0,"y":4962,"w":3508,"h":2480},"rotated":false,"trimmed":false,"spriteSourceSize":{"x":0,"y":0,"w":3508,"h":2480},"sourceSize":{"w":3508,"h":2480}},{"filename":"lantiao1-6","frame":{"x":3509,"y":4962,"w":3508,"h":2480},"rotated":false,"trimmed":false,"spriteSourceSize":{"x":0,"y":0,"w":3508,"h":2480},"sourceSize":{"w":3508,"h":2480}},{"filename":"lantiao1-7","frame":{"x":0,"y":7443,"w":3508,"h":2480},"rotated":false,"trimmed":false,"spriteSourceSize":{"x":0,"y":0,"w":3508,"h":2480},"sourceSize":{"w":3508,"h":2480}},{"filename":"lantiao1-8","frame":{"x":3509,"y":7443,"w":3508,"h":2480},"rotated":false,"trimmed":false,"spriteSourceSize":{"x":0,"y":0,"w":3508,"h":2480},"sourceSize":{"w":3508,"h":2480}}],"meta":{"app":"https://www.leshylabs.com/apps/sstool/","version":"Leshy SpriteSheet Tool v0.8.4","image":"slimeblue.png","size":{"w":7017,"h":9923},"scale":1}}