{"frames":[{"filename":"portal1","frame":{"x":0,"y":0,"w":197,"h":399},"rotated":false,"trimmed":false,"spriteSourceSize":{"x":0,"y":0,"w":197,"h":399},"sourceSize":{"w":197,"h":399}},{"filename":"portal2","frame":{"x":198,"y":0,"w":197,"h":399},"rotated":false,"trimmed":false,"spriteSourceSize":{"x":0,"y":0,"w":197,"h":399},"sourceSize":{"w":197,"h":399}},{"filename":"portal3","frame":{"x":396,"y":0,"w":197,"h":399},"rotated":false,"trimmed":false,"spriteSourceSize":{"x":0,"y":0,"w":197,"h":399},"sourceSize":{"w":197,"h":399}}],"meta":{"app":"https://www.leshylabs.com/apps/sstool/","version":"Leshy SpriteSheet Tool v0.8.4","image":"portal.png","size":{"w":593,"h":399},"scale":1}}